mean_fit_time,std_fit_time,mean_score_time,std_score_time,param_activation,param_alpha,param_batch_size,param_hidden_layer_sizes,param_learning_rate_init,param_solver,params,split0_test_score,split1_test_score,split2_test_score,split3_test_score,split4_test_score,mean_test_score,std_test_score,rank_test_score
0.10356335639953614,0.01392640872318015,0.0004523277282714844,5.0947411727234214e-05,relu,0.0001,32,80,0.01,adam,"{'activation': 'relu', 'alpha': 0.0001, 'batch_size': 32, 'hidden_layer_sizes': 80, 'learning_rate_init': 0.01, 'solver': 'adam'}",0.671875,0.609375,0.703125,0.765625,0.75,0.7,0.05625,23
0.28956241607666017,0.016934027565788105,0.0004979133605957031,0.00022688404052260096,relu,0.0001,32,80,0.01,sgd,"{'activation': 'relu', 'alpha': 0.0001, 'batch_size': 32, 'hidden_layer_sizes': 80, 'learning_rate_init': 0.01, 'solver': 'sgd'}",0.65625,0.625,0.6875,0.765625,0.734375,0.69375,0.050967207594687786,42
0.35747590065002444,0.02444246855173105,0.0003863334655761719,1.7720516025433063e-05,relu,0.0001,32,80,0.001,adam,"{'activation': 'relu', 'alpha': 0.0001, 'batch_size': 32, 'hidden_layer_sizes': 80, 'learning_rate_init': 0.001, 'solver': 'adam'}",0.640625,0.640625,0.671875,0.734375,0.734375,0.684375,0.042389562394532926,68
1.0388852119445802,0.08801546946386632,0.0007713794708251953,0.0007950388833538536,relu,0.0001,32,80,0.001,sgd,"{'activation': 'relu', 'alpha': 0.0001, 'batch_size': 32, 'hidden_layer_sizes': 80, 'learning_rate_init': 0.001, 'solver': 'sgd'}",0.671875,0.640625,0.734375,0.765625,0.734375,0.709375,0.04592793267718459,1
0.08493776321411133,0.01188247991161871,0.0005373477935791016,0.0003255274208216897,relu,0.0001,32,"(80, 50)",0.01,adam,"{'activation': 'relu', 'alpha': 0.0001, 'batch_size': 32, 'hidden_layer_sizes': (80, 50), 'learning_rate_init': 0.01, 'solver': 'adam'}",0.65625,0.671875,0.640625,0.65625,0.734375,0.671875,0.03277527650531724,114
0.27672500610351564,0.020600836453727487,0.0005653858184814453,0.0003838171437820762,relu,0.0001,32,"(80, 50)",0.01,sgd,"{'activation': 'relu', 'alpha': 0.0001, 'batch_size': 32, 'hidden_layer_sizes': (80, 50), 'learning_rate_init': 0.01, 'solver': 'sgd'}",0.640625,0.703125,0.734375,0.6875,0.671875,0.6875,0.03125,56
0.34102091789245603,0.020252744858178864,0.00038547515869140624,5.3021204467459255e-06,relu,0.0001,32,"(80, 50)",0.001,adam,"{'activation': 'relu', 'alpha': 0.0001, 'batch_size': 32, 'hidden_layer_sizes': (80, 50), 'learning_rate_init': 0.001, 'solver': 'adam'}",0.640625,0.65625,0.71875,0.65625,0.6875,0.671875,0.02795084971874737,114
1.4037907600402832,0.08643669964603948,0.0005125522613525391,0.00012012562474390723,relu,0.0001,32,"(80, 50)",0.001,sgd,"{'activation': 'relu', 'alpha': 0.0001, 'batch_size': 32, 'hidden_layer_sizes': (80, 50), 'learning_rate_init': 0.001, 'solver': 'sgd'}",0.65625,0.65625,0.703125,0.6875,0.65625,0.671875,0.01976423537605237,114
0.098976469039917,0.01342726551837197,0.000403594970703125,1.6230264876088808e-05,relu,0.0001,32,"(80, 50, 50)",0.01,adam,"{'activation': 'relu', 'alpha': 0.0001, 'batch_size': 32, 'hidden_layer_sizes': (80, 50, 50), 'learning_rate_init': 0.01, 'solver': 'adam'}",0.59375,0.546875,0.65625,0.6875,0.71875,0.640625,0.0625,143
0.26745920181274413,0.03636872838822727,0.0006356716156005859,0.0002845349054640213,relu,0.0001,32,"(80, 50, 50)",0.01,sgd,"{'activation': 'relu', 'alpha': 0.0001, 'batch_size': 32, 'hidden_layer_sizes': (80, 50, 50), 'learning_rate_init': 0.01, 'solver': 'sgd'}",0.640625,0.625,0.6875,0.734375,0.671875,0.671875,0.038273277230987154,114
0.4828362464904785,0.04491136342111268,0.0011654376983642578,0.0009232641238421484,relu,0.0001,32,"(80, 50, 50)",0.001,adam,"{'activation': 'relu', 'alpha': 0.0001, 'batch_size': 32, 'hidden_layer_sizes': (80, 50, 50), 'learning_rate_init': 0.001, 'solver': 'adam'}",0.6875,0.53125,0.703125,0.71875,0.625,0.653125,0.06875,138
1.3341740608215331,0.07080179505233189,0.0004551410675048828,8.221466375737774e-05,relu,0.0001,32,"(80, 50, 50)",0.001,sgd,"{'activation': 'relu', 'alpha': 0.0001, 'batch_size': 32, 'hidden_layer_sizes': (80, 50, 50), 'learning_rate_init': 0.001, 'solver': 'sgd'}",0.671875,0.625,0.6875,0.734375,0.671875,0.678125,0.0350780380010057,92
0.09601998329162598,0.01669245601796007,0.0003626823425292969,1.0448502118835667e-05,relu,0.0001,64,80,0.01,adam,"{'activation': 'relu', 'alpha': 0.0001, 'batch_size': 64, 'hidden_layer_sizes': 80, 'learning_rate_init': 0.01, 'solver': 'adam'}",0.671875,0.640625,0.703125,0.71875,0.75,0.696875,0.03775951866748303,30
0.30365443229675293,0.020211519445456787,0.00035152435302734377,4.864206478617322e-06,relu,0.0001,64,80,0.01,sgd,"{'activation': 'relu', 'alpha': 0.0001, 'batch_size': 64, 'hidden_layer_sizes': 80, 'learning_rate_init': 0.01, 'solver': 'sgd'}",0.65625,0.625,0.703125,0.765625,0.734375,0.696875,0.050967207594687786,30
0.36466093063354493,0.03806652383484362,0.00036640167236328124,2.1697610235973677e-05,relu,0.0001,64,80,0.001,adam,"{'activation': 'relu', 'alpha': 0.0001, 'batch_size': 64, 'hidden_layer_sizes': 80, 'learning_rate_init': 0.001, 'solver': 'adam'}",0.640625,0.671875,0.671875,0.71875,0.75,0.690625,0.03878023014372142,50
1.2537958145141601,0.017614088466407492,0.00046410560607910154,0.00011408717398973067,relu,0.0001,64,80,0.001,sgd,"{'activation': 'relu', 'alpha': 0.0001, 'batch_size': 64, 'hidden_layer_sizes': 80, 'learning_rate_init': 0.001, 'solver': 'sgd'}",0.671875,0.625,0.75,0.75,0.734375,0.70625,0.049804304532841334,5
0.07478008270263672,0.012073981131158477,0.0007843017578125,0.0003616869912752016,relu,0.0001,64,"(80, 50)",0.01,adam,"{'activation': 'relu', 'alpha': 0.0001, 'batch_size': 64, 'hidden_layer_sizes': (80, 50), 'learning_rate_init': 0.01, 'solver': 'adam'}",0.65625,0.640625,0.671875,0.65625,0.6875,0.6625,0.01593443597997745,133
0.3600936412811279,0.021322952049079583,0.0005497455596923829,0.00023229235583544004,relu,0.0001,64,"(80, 50)",0.01,sgd,"{'activation': 'relu', 'alpha': 0.0001, 'batch_size': 64, 'hidden_layer_sizes': (80, 50), 'learning_rate_init': 0.01, 'solver': 'sgd'}",0.65625,0.703125,0.71875,0.6875,0.65625,0.684375,0.024999999999999998,68
0.31842455863952634,0.05358475847575874,0.0003971576690673828,1.7300319763892923e-05,relu,0.0001,64,"(80, 50)",0.001,adam,"{'activation': 'relu', 'alpha': 0.0001, 'batch_size': 64, 'hidden_layer_sizes': (80, 50), 'learning_rate_init': 0.001, 'solver': 'adam'}",0.65625,0.65625,0.6875,0.65625,0.6875,0.66875,0.015309310892394862,125
1.645712661743164,0.043585328405091765,0.00044274330139160156,0.00011132355531481524,relu,0.0001,64,"(80, 50)",0.001,sgd,"{'activation': 'relu', 'alpha': 0.0001, 'batch_size': 64, 'hidden_layer_sizes': (80, 50), 'learning_rate_init': 0.001, 'solver': 'sgd'}",0.65625,0.671875,0.703125,0.6875,0.671875,0.678125,0.015934435979977454,92
0.08931102752685546,0.008911848206138525,0.0006518363952636719,0.00024555840505540946,relu,0.0001,64,"(80, 50, 50)",0.01,adam,"{'activation': 'relu', 'alpha': 0.0001, 'batch_size': 64, 'hidden_layer_sizes': (80, 50, 50), 'learning_rate_init': 0.01, 'solver': 'adam'}",0.640625,0.65625,0.671875,0.71875,0.640625,0.665625,0.028980057798424073,128
0.3682499885559082,0.054743646486968,0.0007768154144287109,0.0006398378316571499,relu,0.0001,64,"(80, 50, 50)",0.01,sgd,"{'activation': 'relu', 'alpha': 0.0001, 'batch_size': 64, 'hidden_layer_sizes': (80, 50, 50), 'learning_rate_init': 0.01, 'solver': 'sgd'}",0.65625,0.640625,0.703125,0.734375,0.671875,0.68125,0.03365728004459065,78
0.32824277877807617,0.026897076328721875,0.0006373882293701172,0.00035321265023725504,relu,0.0001,64,"(80, 50, 50)",0.001,adam,"{'activation': 'relu', 'alpha': 0.0001, 'batch_size': 64, 'hidden_layer_sizes': (80, 50, 50), 'learning_rate_init': 0.001, 'solver': 'adam'}",0.671875,0.578125,0.6875,0.734375,0.609375,0.65625,0.05590169943749474,136
1.4477551937103272,0.091211029883887,0.0004116058349609375,1.9998529949914505e-05,relu,0.0001,64,"(80, 50, 50)",0.001,sgd,"{'activation': 'relu', 'alpha': 0.0001, 'batch_size': 64, 'hidden_layer_sizes': (80, 50, 50), 'learning_rate_init': 0.001, 'solver': 'sgd'}",0.6875,0.625,0.6875,0.71875,0.6875,0.68125,0.030618621784789725,78
0.09301056861877441,0.0092961606999739,0.00035719871520996095,1.3353483861135277e-05,relu,0.001,32,80,0.01,adam,"{'activation': 'relu', 'alpha': 0.001, 'batch_size': 32, 'hidden_layer_sizes': 80, 'learning_rate_init': 0.01, 'solver': 'adam'}",0.671875,0.609375,0.703125,0.78125,0.75,0.703125,0.060110575192722955,15
0.3144838333129883,0.018635181826638474,0.00035414695739746096,6.697143511821435e-06,relu,0.001,32,80,0.01,sgd,"{'activation': 'relu', 'alpha': 0.001, 'batch_size': 32, 'hidden_layer_sizes': 80, 'learning_rate_init': 0.01, 'solver': 'sgd'}",0.65625,0.625,0.6875,0.765625,0.734375,0.69375,0.050967207594687786,42
0.3956944942474365,0.03610786709441521,0.0005087375640869141,0.0002918495996302302,relu,0.001,32,80,0.001,adam,"{'activation': 'relu', 'alpha': 0.001, 'batch_size': 32, 'hidden_layer_sizes': 80, 'learning_rate_init': 0.001, 'solver': 'adam'}",0.640625,0.640625,0.671875,0.734375,0.734375,0.684375,0.042389562394532926,68
1.0628034114837646,0.03849344322383977,0.0005351066589355469,0.00035855968515250634,relu,0.001,32,80,0.001,sgd,"{'activation': 'relu', 'alpha': 0.001, 'batch_size': 32, 'hidden_layer_sizes': 80, 'learning_rate_init': 0.001, 'solver': 'sgd'}",0.671875,0.640625,0.734375,0.765625,0.734375,0.709375,0.04592793267718459,1
0.09180083274841308,0.010848933271183345,0.0004994392395019532,0.00025893080506853434,relu,0.001,32,"(80, 50)",0.01,adam,"{'activation': 'relu', 'alpha': 0.001, 'batch_size': 32, 'hidden_layer_sizes': (80, 50), 'learning_rate_init': 0.01, 'solver': 'adam'}",0.65625,0.71875,0.6875,0.625,0.75,0.6875,0.04419417382415922,56
0.28131580352783203,0.018740428693826534,0.0005415439605712891,0.00034082986525932893,relu,0.001,32,"(80, 50)",0.01,sgd,"{'activation': 'relu', 'alpha': 0.001, 'batch_size': 32, 'hidden_layer_sizes': (80, 50), 'learning_rate_init': 0.01, 'solver': 'sgd'}",0.640625,0.703125,0.71875,0.6875,0.671875,0.684375,0.026882266459508208,68
0.31564888954162595,0.011931909598042044,0.0003757476806640625,8.962762940862259e-06,relu,0.001,32,"(80, 50)",0.001,adam,"{'activation': 'relu', 'alpha': 0.001, 'batch_size': 32, 'hidden_layer_sizes': (80, 50), 'learning_rate_init': 0.001, 'solver': 'adam'}",0.65625,0.65625,0.703125,0.65625,0.6875,0.671875,0.01976423537605237,114
1.14097318649292,0.030977636416054808,0.00048584938049316405,0.00023206030723668826,relu,0.001,32,"(80, 50)",0.001,sgd,"{'activation': 'relu', 'alpha': 0.001, 'batch_size': 32, 'hidden_layer_sizes': (80, 50), 'learning_rate_init': 0.001, 'solver': 'sgd'}",0.65625,0.65625,0.703125,0.6875,0.65625,0.671875,0.01976423537605237,114
0.10655317306518555,0.03512431491435922,0.0005671977996826172,0.00036290722509614397,relu,0.001,32,"(80, 50, 50)",0.01,adam,"{'activation': 'relu', 'alpha': 0.001, 'batch_size': 32, 'hidden_layer_sizes': (80, 50, 50), 'learning_rate_init': 0.01, 'solver': 'adam'}",0.640625,0.65625,0.640625,0.71875,0.6875,0.66875,0.03029799910885206,125
0.24605340957641603,0.019114182865973328,0.00039210319519042967,2.61435511815506e-06,relu,0.001,32,"(80, 50, 50)",0.01,sgd,"{'activation': 'relu', 'alpha': 0.001, 'batch_size': 32, 'hidden_layer_sizes': (80, 50, 50), 'learning_rate_init': 0.01, 'solver': 'sgd'}",0.640625,0.625,0.6875,0.734375,0.671875,0.671875,0.038273277230987154,114
0.3267608642578125,0.020697200698625576,0.000657033920288086,0.0005465252691787747,relu,0.001,32,"(80, 50, 50)",0.001,adam,"{'activation': 'relu', 'alpha': 0.001, 'batch_size': 32, 'hidden_layer_sizes': (80, 50, 50), 'learning_rate_init': 0.001, 'solver': 'adam'}",0.671875,0.546875,0.703125,0.734375,0.625,0.65625,0.06555055301063448,136
1.1663660049438476,0.05003046447600829,0.0005412101745605469,0.0002455453025784478,relu,0.001,32,"(80, 50, 50)",0.001,sgd,"{'activation': 'relu', 'alpha': 0.001, 'batch_size': 32, 'hidden_layer_sizes': (80, 50, 50), 'learning_rate_init': 0.001, 'solver': 'sgd'}",0.671875,0.625,0.6875,0.734375,0.671875,0.678125,0.0350780380010057,92
0.07697138786315919,0.008429339020026471,0.00034542083740234374,5.372412340910168e-06,relu,0.001,64,80,0.01,adam,"{'activation': 'relu', 'alpha': 0.001, 'batch_size': 64, 'hidden_layer_sizes': 80, 'learning_rate_init': 0.01, 'solver': 'adam'}",0.671875,0.640625,0.703125,0.71875,0.75,0.696875,0.03775951866748303,30
0.2849246978759766,0.034431146511907,0.0003537178039550781,5.516904947054194e-06,relu,0.001,64,80,0.01,sgd,"{'activation': 'relu', 'alpha': 0.001, 'batch_size': 64, 'hidden_layer_sizes': 80, 'learning_rate_init': 0.01, 'solver': 'sgd'}",0.65625,0.625,0.703125,0.765625,0.734375,0.696875,0.050967207594687786,30
0.30995874404907225,0.01874081911831349,0.0003486156463623047,4.992919964869852e-06,relu,0.001,64,80,0.001,adam,"{'activation': 'relu', 'alpha': 0.001, 'batch_size': 64, 'hidden_layer_sizes': 80, 'learning_rate_init': 0.001, 'solver': 'adam'}",0.640625,0.671875,0.6875,0.71875,0.75,0.69375,0.03775951866748303,42
0.9580661296844483,0.018362684879053726,0.00046062469482421875,0.00021430936688051803,relu,0.001,64,80,0.001,sgd,"{'activation': 'relu', 'alpha': 0.001, 'batch_size': 64, 'hidden_layer_sizes': 80, 'learning_rate_init': 0.001, 'solver': 'sgd'}",0.671875,0.625,0.75,0.75,0.734375,0.70625,0.049804304532841334,5
0.06692085266113282,0.008748062958854134,0.0005072593688964844,0.0002257655811192648,relu,0.001,64,"(80, 50)",0.01,adam,"{'activation': 'relu', 'alpha': 0.001, 'batch_size': 64, 'hidden_layer_sizes': (80, 50), 'learning_rate_init': 0.01, 'solver': 'adam'}",0.65625,0.65625,0.6875,0.671875,0.703125,0.675,0.018221724671391562,105
0.2895695686340332,0.01237495503827112,0.0003669261932373047,5.168791625184727e-06,relu,0.001,64,"(80, 50)",0.01,sgd,"{'activation': 'relu', 'alpha': 0.001, 'batch_size': 64, 'hidden_layer_sizes': (80, 50), 'learning_rate_init': 0.01, 'solver': 'sgd'}",0.65625,0.703125,0.71875,0.6875,0.65625,0.684375,0.024999999999999998,68
0.25900998115539553,0.006528768235526344,0.0003666877746582031,7.173190556008073e-06,relu,0.001,64,"(80, 50)",0.001,adam,"{'activation': 'relu', 'alpha': 0.001, 'batch_size': 64, 'hidden_layer_sizes': (80, 50), 'learning_rate_init': 0.001, 'solver': 'adam'}",0.65625,0.640625,0.6875,0.65625,0.6875,0.665625,0.018750000000000003,128
1.243269968032837,0.05345531293199832,0.0004377841949462891,0.0001263132001696834,relu,0.001,64,"(80, 50)",0.001,sgd,"{'activation': 'relu', 'alpha': 0.001, 'batch_size': 64, 'hidden_layer_sizes': (80, 50), 'learning_rate_init': 0.001, 'solver': 'sgd'}",0.65625,0.671875,0.703125,0.6875,0.671875,0.678125,0.015934435979977454,92
0.07156429290771485,0.00781282835502957,0.0005871772766113282,0.0003865493709275737,relu,0.001,64,"(80, 50, 50)",0.01,adam,"{'activation': 'relu', 'alpha': 0.001, 'batch_size': 64, 'hidden_layer_sizes': (80, 50, 50), 'learning_rate_init': 0.01, 'solver': 'adam'}",0.625,0.625,0.671875,0.734375,0.6875,0.66875,0.04122158111960287,125
0.27753071784973143,0.016471529842447617,0.00038852691650390623,4.0337154355157094e-06,relu,0.001,64,"(80, 50, 50)",0.01,sgd,"{'activation': 'relu', 'alpha': 0.001, 'batch_size': 64, 'hidden_layer_sizes': (80, 50, 50), 'learning_rate_init': 0.01, 'solver': 'sgd'}",0.65625,0.640625,0.703125,0.734375,0.671875,0.68125,0.03365728004459065,78
0.2674421310424805,0.06348096818321763,0.0005264759063720703,0.000262235744354244,relu,0.001,64,"(80, 50, 50)",0.001,adam,"{'activation': 'relu', 'alpha': 0.001, 'batch_size': 64, 'hidden_layer_sizes': (80, 50, 50), 'learning_rate_init': 0.001, 'solver': 'adam'}",0.640625,0.578125,0.6875,0.734375,0.609375,0.65,0.05555121510822243,140
1.3034491539001465,0.06174293861548126,0.0011466026306152343,0.001512281536454709,relu,0.001,64,"(80, 50, 50)",0.001,sgd,"{'activation': 'relu', 'alpha': 0.001, 'batch_size': 64, 'hidden_layer_sizes': (80, 50, 50), 'learning_rate_init': 0.001, 'solver': 'sgd'}",0.6875,0.625,0.6875,0.703125,0.6875,0.678125,0.027243118397129208,92
0.16807351112365723,0.027004406353081156,0.00035114288330078124,8.868914774809357e-06,relu,0.01,32,80,0.01,adam,"{'activation': 'relu', 'alpha': 0.01, 'batch_size': 32, 'hidden_layer_sizes': 80, 'learning_rate_init': 0.01, 'solver': 'adam'}",0.5625,0.625,0.703125,0.734375,0.703125,0.665625,0.06296700524878089,128
0.3054004192352295,0.02620346444049609,0.0004578113555908203,0.0002089556467374671,relu,0.01,32,80,0.01,sgd,"{'activation': 'relu', 'alpha': 0.01, 'batch_size': 32, 'hidden_layer_sizes': 80, 'learning_rate_init': 0.01, 'solver': 'sgd'}",0.65625,0.625,0.6875,0.765625,0.734375,0.69375,0.050967207594687786,42
0.35636420249938966,0.013888320084574553,0.0006303787231445312,0.00038987714804515367,relu,0.01,32,80,0.001,adam,"{'activation': 'relu', 'alpha': 0.01, 'batch_size': 32, 'hidden_layer_sizes': 80, 'learning_rate_init': 0.001, 'solver': 'adam'}",0.65625,0.65625,0.6875,0.734375,0.734375,0.69375,0.0350780380010057,42
1.0218608856201172,0.08852375594602614,0.0015988349914550781,0.0014637677315523772,relu,0.01,32,80,0.001,sgd,"{'activation': 'relu', 'alpha': 0.01, 'batch_size': 32, 'hidden_layer_sizes': 80, 'learning_rate_init': 0.001, 'solver': 'sgd'}",0.671875,0.640625,0.734375,0.765625,0.734375,0.709375,0.04592793267718459,1
0.22135024070739745,0.09170745840741978,0.00048775672912597655,0.00022463253458366407,relu,0.01,32,"(80, 50)",0.01,adam,"{'activation': 'relu', 'alpha': 0.01, 'batch_size': 32, 'hidden_layer_sizes': (80, 50), 'learning_rate_init': 0.01, 'solver': 'adam'}",0.5625,0.59375,0.640625,0.578125,0.671875,0.609375,0.040745015032516554,144
0.2757411956787109,0.01192244067391559,0.0003704071044921875,6.781489482049509e-06,relu,0.01,32,"(80, 50)",0.01,sgd,"{'activation': 'relu', 'alpha': 0.01, 'batch_size': 32, 'hidden_layer_sizes': (80, 50), 'learning_rate_init': 0.01, 'solver': 'sgd'}",0.640625,0.703125,0.734375,0.671875,0.671875,0.684375,0.03186887195995491,68
0.344759464263916,0.0442498685288808,0.00037403106689453124,8.561053121104402e-06,relu,0.01,32,"(80, 50)",0.001,adam,"{'activation': 'relu', 'alpha': 0.01, 'batch_size': 32, 'hidden_layer_sizes': (80, 50), 'learning_rate_init': 0.001, 'solver': 'adam'}",0.640625,0.671875,0.703125,0.65625,0.6875,0.671875,0.02209708691207961,114
1.1368754863739015,0.05376770343382038,0.00048804283142089844,0.00022800022446496182,relu,0.01,32,"(80, 50)",0.001,sgd,"{'activation': 'relu', 'alpha': 0.01, 'batch_size': 32, 'hidden_layer_sizes': (80, 50), 'learning_rate_init': 0.001, 'solver': 'sgd'}",0.65625,0.65625,0.703125,0.6875,0.65625,0.671875,0.01976423537605237,114
0.15127005577087402,0.15120249204580943,0.0005315303802490235,0.0002764115480270366,relu,0.01,32,"(80, 50, 50)",0.01,adam,"{'activation': 'relu', 'alpha': 0.01, 'batch_size': 32, 'hidden_layer_sizes': (80, 50, 50), 'learning_rate_init': 0.01, 'solver': 'adam'}",0.671875,0.640625,0.6875,0.671875,0.703125,0.675,0.020728904939721248,105
0.278058385848999,0.022325000624394797,0.00039420127868652346,5.594663543191433e-06,relu,0.01,32,"(80, 50, 50)",0.01,sgd,"{'activation': 'relu', 'alpha': 0.01, 'batch_size': 32, 'hidden_layer_sizes': (80, 50, 50), 'learning_rate_init': 0.01, 'solver': 'sgd'}",0.65625,0.625,0.6875,0.734375,0.65625,0.671875,0.0369754986443726,114
0.32643442153930663,0.03326515635586701,0.0003947734832763672,1.2001149152175427e-05,relu,0.01,32,"(80, 50, 50)",0.001,adam,"{'activation': 'relu', 'alpha': 0.01, 'batch_size': 32, 'hidden_layer_sizes': (80, 50, 50), 'learning_rate_init': 0.001, 'solver': 'adam'}",0.671875,0.546875,0.671875,0.75,0.625,0.653125,0.06658523672707037,138
1.1473631381988525,0.09912824263916722,0.0003838539123535156,8.663489496952767e-06,relu,0.01,32,"(80, 50, 50)",0.001,sgd,"{'activation': 'relu', 'alpha': 0.01, 'batch_size': 32, 'hidden_layer_sizes': (80, 50, 50), 'learning_rate_init': 0.001, 'solver': 'sgd'}",0.671875,0.625,0.6875,0.734375,0.671875,0.678125,0.0350780380010057,92
0.07696242332458496,0.015712680614100943,0.00034694671630859376,6.049257749991627e-06,relu,0.01,64,80,0.01,adam,"{'activation': 'relu', 'alpha': 0.01, 'batch_size': 64, 'hidden_layer_sizes': 80, 'learning_rate_init': 0.01, 'solver': 'adam'}",0.671875,0.65625,0.703125,0.75,0.71875,0.7,0.03336586953759785,23
0.27951488494873045,0.015551882118712154,0.0004596233367919922,0.00021522653520825085,relu,0.01,64,80,0.01,sgd,"{'activation': 'relu', 'alpha': 0.01, 'batch_size': 64, 'hidden_layer_sizes': 80, 'learning_rate_init': 0.01, 'solver': 'sgd'}",0.671875,0.625,0.703125,0.765625,0.734375,0.7,0.048814060474416596,23
0.2853840351104736,0.023214642078319726,0.00047206878662109375,0.0002479755411707715,relu,0.01,64,80,0.001,adam,"{'activation': 'relu', 'alpha': 0.01, 'batch_size': 64, 'hidden_layer_sizes': 80, 'learning_rate_init': 0.001, 'solver': 'adam'}",0.640625,0.671875,0.6875,0.71875,0.75,0.69375,0.03775951866748303,42
0.9512601852416992,0.0410175048630247,0.0003448486328125,4.555230139186093e-06,relu,0.01,64,80,0.001,sgd,"{'activation': 'relu', 'alpha': 0.01, 'batch_size': 64, 'hidden_layer_sizes': 80, 'learning_rate_init': 0.001, 'solver': 'sgd'}",0.671875,0.625,0.75,0.75,0.734375,0.70625,0.049804304532841334,5
0.07648344039916992,0.006409105812593442,0.0003825187683105469,2.6627673096895963e-05,relu,0.01,64,"(80, 50)",0.01,adam,"{'activation': 'relu', 'alpha': 0.01, 'batch_size': 64, 'hidden_layer_sizes': (80, 50), 'learning_rate_init': 0.01, 'solver': 'adam'}",0.65625,0.6875,0.671875,0.703125,0.71875,0.6875,0.02209708691207961,56
0.28557634353637695,0.012729522659409348,0.0005926609039306641,0.0004567668263257962,relu,0.01,64,"(80, 50)",0.01,sgd,"{'activation': 'relu', 'alpha': 0.01, 'batch_size': 64, 'hidden_layer_sizes': (80, 50), 'learning_rate_init': 0.01, 'solver': 'sgd'}",0.65625,0.703125,0.71875,0.6875,0.65625,0.684375,0.024999999999999998,68
0.24732599258422852,0.015311123245929353,0.00036978721618652344,4.566198203992505e-06,relu,0.01,64,"(80, 50)",0.001,adam,"{'activation': 'relu', 'alpha': 0.01, 'batch_size': 64, 'hidden_layer_sizes': (80, 50), 'learning_rate_init': 0.001, 'solver': 'adam'}",0.671875,0.65625,0.6875,0.65625,0.6875,0.671875,0.013975424859373685,114
1.2145033359527588,0.04221338385111447,0.000467681884765625,0.00019513203108211154,relu,0.01,64,"(80, 50)",0.001,sgd,"{'activation': 'relu', 'alpha': 0.01, 'batch_size': 64, 'hidden_layer_sizes': (80, 50), 'learning_rate_init': 0.001, 'solver': 'sgd'}",0.65625,0.671875,0.703125,0.6875,0.671875,0.678125,0.015934435979977454,92
0.08552699089050293,0.006637166819242438,0.0004996299743652344,0.00022965066647181407,relu,0.01,64,"(80, 50, 50)",0.01,adam,"{'activation': 'relu', 'alpha': 0.01, 'batch_size': 64, 'hidden_layer_sizes': (80, 50, 50), 'learning_rate_init': 0.01, 'solver': 'adam'}",0.640625,0.65625,0.65625,0.734375,0.703125,0.678125,0.0350780380010057,92
0.29316129684448244,0.023760322268386105,0.0007090568542480469,0.0006485111046021735,relu,0.01,64,"(80, 50, 50)",0.01,sgd,"{'activation': 'relu', 'alpha': 0.01, 'batch_size': 64, 'hidden_layer_sizes': (80, 50, 50), 'learning_rate_init': 0.01, 'solver': 'sgd'}",0.65625,0.640625,0.703125,0.734375,0.671875,0.68125,0.03365728004459065,78
0.24746427536010743,0.02560680336087971,0.0003825187683105469,5.918546142321129e-06,relu,0.01,64,"(80, 50, 50)",0.001,adam,"{'activation': 'relu', 'alpha': 0.01, 'batch_size': 64, 'hidden_layer_sizes': (80, 50, 50), 'learning_rate_init': 0.001, 'solver': 'adam'}",0.640625,0.578125,0.671875,0.734375,0.609375,0.646875,0.053764532919016415,141
1.2660331726074219,0.04958204266940548,0.00038781166076660154,9.5446077343747e-06,relu,0.01,64,"(80, 50, 50)",0.001,sgd,"{'activation': 'relu', 'alpha': 0.01, 'batch_size': 64, 'hidden_layer_sizes': (80, 50, 50), 'learning_rate_init': 0.001, 'solver': 'sgd'}",0.6875,0.625,0.6875,0.71875,0.6875,0.68125,0.030618621784789725,78
0.1079404354095459,0.00785810454479347,0.0004929542541503906,0.0002655984940177147,tanh,0.0001,32,80,0.01,adam,"{'activation': 'tanh', 'alpha': 0.0001, 'batch_size': 32, 'hidden_layer_sizes': 80, 'learning_rate_init': 0.01, 'solver': 'adam'}",0.65625,0.578125,0.671875,0.78125,0.71875,0.68125,0.06745947857788406,78
0.32227277755737305,0.02643408837996057,0.00036749839782714846,6.172417116273654e-06,tanh,0.0001,32,80,0.01,sgd,"{'activation': 'tanh', 'alpha': 0.0001, 'batch_size': 32, 'hidden_layer_sizes': 80, 'learning_rate_init': 0.01, 'solver': 'sgd'}",0.671875,0.59375,0.671875,0.75,0.6875,0.675,0.049804304532841334,105
0.45487017631530763,0.040232138534464036,0.0003644466400146484,2.081764216703708e-06,tanh,0.0001,32,80,0.001,adam,"{'activation': 'tanh', 'alpha': 0.0001, 'batch_size': 32, 'hidden_layer_sizes': 80, 'learning_rate_init': 0.001, 'solver': 'adam'}",0.671875,0.5625,0.6875,0.78125,0.703125,0.68125,0.07029513674501245,78
1.1543007373809815,0.03911722533956099,0.0006354331970214843,0.0003080420966033274,tanh,0.0001,32,80,0.001,sgd,"{'activation': 'tanh', 'alpha': 0.0001, 'batch_size': 32, 'hidden_layer_sizes': 80, 'learning_rate_init': 0.001, 'solver': 'sgd'}",0.65625,0.625,0.6875,0.765625,0.703125,0.6875,0.04739297152532219,56
0.1019923210144043,0.009986346725579357,0.0003955364227294922,3.702787143386302e-06,tanh,0.0001,32,"(80, 50)",0.01,adam,"{'activation': 'tanh', 'alpha': 0.0001, 'batch_size': 32, 'hidden_layer_sizes': (80, 50), 'learning_rate_init': 0.01, 'solver': 'adam'}",0.671875,0.578125,0.6875,0.71875,0.671875,0.665625,0.046979051182415334,128
0.3575290679931641,0.04307754022224147,0.0003899574279785156,6.734385889144389e-06,tanh,0.0001,32,"(80, 50)",0.01,sgd,"{'activation': 'tanh', 'alpha': 0.0001, 'batch_size': 32, 'hidden_layer_sizes': (80, 50), 'learning_rate_init': 0.01, 'solver': 'sgd'}",0.65625,0.703125,0.6875,0.765625,0.71875,0.70625,0.03617449032121946,5
0.4238744735717773,0.02552780835817059,0.0003917217254638672,5.525964586570029e-06,tanh,0.0001,32,"(80, 50)",0.001,adam,"{'activation': 'tanh', 'alpha': 0.0001, 'batch_size': 32, 'hidden_layer_sizes': (80, 50), 'learning_rate_init': 0.001, 'solver': 'adam'}",0.625,0.71875,0.671875,0.8125,0.65625,0.696875,0.06525191568069094,30
1.3973875999450684,0.07949268077238426,0.0006512641906738281,0.00030970243418449925,tanh,0.0001,32,"(80, 50)",0.001,sgd,"{'activation': 'tanh', 'alpha': 0.0001, 'batch_size': 32, 'hidden_layer_sizes': (80, 50), 'learning_rate_init': 0.001, 'solver': 'sgd'}",0.65625,0.703125,0.6875,0.78125,0.703125,0.70625,0.04122158111960287,5
0.1052901268005371,0.021106619226116837,0.0004150390625,1.0552439708975763e-05,tanh,0.0001,32,"(80, 50, 50)",0.01,adam,"{'activation': 'tanh', 'alpha': 0.0001, 'batch_size': 32, 'hidden_layer_sizes': (80, 50, 50), 'learning_rate_init': 0.01, 'solver': 'adam'}",0.65625,0.625,0.71875,0.640625,0.6875,0.665625,0.033657280044590655,128
0.36927075386047364,0.007855619665174509,0.0004250526428222656,6.4741071454838764e-06,tanh,0.0001,32,"(80, 50, 50)",0.01,sgd,"{'activation': 'tanh', 'alpha': 0.0001, 'batch_size': 32, 'hidden_layer_sizes': (80, 50, 50), 'learning_rate_init': 0.01, 'solver': 'sgd'}",0.640625,0.640625,0.703125,0.765625,0.703125,0.690625,0.04677071733467427,50
0.39586753845214845,0.03973561068086582,0.0004242897033691406,8.849922951256452e-06,tanh,0.0001,32,"(80, 50, 50)",0.001,adam,"{'activation': 'tanh', 'alpha': 0.0001, 'batch_size': 32, 'hidden_layer_sizes': (80, 50, 50), 'learning_rate_init': 0.001, 'solver': 'adam'}",0.625,0.65625,0.6875,0.78125,0.6875,0.6875,0.05229125165837972,56
1.429845666885376,0.0627154822220804,0.0005074024200439453,0.0001623930812296107,tanh,0.0001,32,"(80, 50, 50)",0.001,sgd,"{'activation': 'tanh', 'alpha': 0.0001, 'batch_size': 32, 'hidden_layer_sizes': (80, 50, 50), 'learning_rate_init': 0.001, 'solver': 'sgd'}",0.640625,0.671875,0.71875,0.765625,0.71875,0.703125,0.04307515235028194,15
0.08494791984558106,0.005247066016393352,0.0003590583801269531,4.3363351991232515e-06,tanh,0.0001,64,80,0.01,adam,"{'activation': 'tanh', 'alpha': 0.0001, 'batch_size': 64, 'hidden_layer_sizes': 80, 'learning_rate_init': 0.01, 'solver': 'adam'}",0.65625,0.578125,0.671875,0.765625,0.703125,0.675,0.06123724356957945,105
0.3288991451263428,0.014536022774222163,0.0004968643188476562,0.00026504653619830435,tanh,0.0001,64,80,0.01,sgd,"{'activation': 'tanh', 'alpha': 0.0001, 'batch_size': 64, 'hidden_layer_sizes': 80, 'learning_rate_init': 0.01, 'solver': 'sgd'}",0.65625,0.59375,0.671875,0.765625,0.6875,0.675,0.05537514108334172,105
0.34952292442321775,0.035802610771200755,0.00036058425903320315,1.122604709375325e-05,tanh,0.0001,64,80,0.001,adam,"{'activation': 'tanh', 'alpha': 0.0001, 'batch_size': 64, 'hidden_layer_sizes': 80, 'learning_rate_init': 0.001, 'solver': 'adam'}",0.65625,0.5625,0.6875,0.78125,0.703125,0.678125,0.07098635432250341,92
1.1211232662200927,0.009050781652623964,0.0003601551055908203,5.061217074522147e-06,tanh,0.0001,64,80,0.001,sgd,"{'activation': 'tanh', 'alpha': 0.0001, 'batch_size': 64, 'hidden_layer_sizes': 80, 'learning_rate_init': 0.001, 'solver': 'sgd'}",0.65625,0.609375,0.6875,0.765625,0.703125,0.684375,0.0517279542413964,68
0.0907968521118164,0.00824464079256501,0.00038743019104003906,6.211707713883234e-06,tanh,0.0001,64,"(80, 50)",0.01,adam,"{'activation': 'tanh', 'alpha': 0.0001, 'batch_size': 64, 'hidden_layer_sizes': (80, 50), 'learning_rate_init': 0.01, 'solver': 'adam'}",0.65625,0.640625,0.671875,0.75,0.6875,0.68125,0.03775951866748304,78
0.3578673839569092,0.025906491697099014,0.00039577484130859375,2.4731259307651404e-06,tanh,0.0001,64,"(80, 50)",0.01,sgd,"{'activation': 'tanh', 'alpha': 0.0001, 'batch_size': 64, 'hidden_layer_sizes': (80, 50), 'learning_rate_init': 0.01, 'solver': 'sgd'}",0.65625,0.703125,0.6875,0.765625,0.703125,0.703125,0.035630482034348064,15
0.3550018310546875,0.024695866243696157,0.0005382537841796875,0.00023415712913012128,tanh,0.0001,64,"(80, 50)",0.001,adam,"{'activation': 'tanh', 'alpha': 0.0001, 'batch_size': 64, 'hidden_layer_sizes': (80, 50), 'learning_rate_init': 0.001, 'solver': 'adam'}",0.625,0.71875,0.671875,0.8125,0.65625,0.696875,0.06525191568069094,30
1.4314517974853516,0.032530649167411003,0.000551605224609375,0.0003088730350460104,tanh,0.0001,64,"(80, 50)",0.001,sgd,"{'activation': 'tanh', 'alpha': 0.0001, 'batch_size': 64, 'hidden_layer_sizes': (80, 50), 'learning_rate_init': 0.001, 'solver': 'sgd'}",0.65625,0.6875,0.671875,0.78125,0.703125,0.7,0.04352621336620037,23
0.08686060905456543,0.008691548902071832,0.00055694580078125,0.0002820805163802687,tanh,0.0001,64,"(80, 50, 50)",0.01,adam,"{'activation': 'tanh', 'alpha': 0.0001, 'batch_size': 64, 'hidden_layer_sizes': (80, 50, 50), 'learning_rate_init': 0.01, 'solver': 'adam'}",0.671875,0.671875,0.71875,0.78125,0.671875,0.703125,0.04307515235028194,15
0.3772646427154541,0.021308848289302563,0.00041556358337402344,2.9740268954301213e-06,tanh,0.0001,64,"(80, 50, 50)",0.01,sgd,"{'activation': 'tanh', 'alpha': 0.0001, 'batch_size': 64, 'hidden_layer_sizes': (80, 50, 50), 'learning_rate_init': 0.01, 'solver': 'sgd'}",0.625,0.640625,0.703125,0.765625,0.71875,0.690625,0.0517279542413964,50
0.328611946105957,0.013568690461131726,0.0004136085510253906,4.963231205325797e-06,tanh,0.0001,64,"(80, 50, 50)",0.001,adam,"{'activation': 'tanh', 'alpha': 0.0001, 'batch_size': 64, 'hidden_layer_sizes': (80, 50, 50), 'learning_rate_init': 0.001, 'solver': 'adam'}",0.640625,0.65625,0.6875,0.78125,0.671875,0.6875,0.04941058844013093,56
1.6272630214691162,0.06770802699584386,0.0006571769714355469,0.0004765695440825716,tanh,0.0001,64,"(80, 50, 50)",0.001,sgd,"{'activation': 'tanh', 'alpha': 0.0001, 'batch_size': 64, 'hidden_layer_sizes': (80, 50, 50), 'learning_rate_init': 0.001, 'solver': 'sgd'}",0.625,0.671875,0.6875,0.78125,0.71875,0.696875,0.05191639914323797,30
0.11107058525085449,0.005427890491384851,0.0003681659698486328,6.866123933224606e-06,tanh,0.001,32,80,0.01,adam,"{'activation': 'tanh', 'alpha': 0.001, 'batch_size': 32, 'hidden_layer_sizes': 80, 'learning_rate_init': 0.01, 'solver': 'adam'}",0.65625,0.5625,0.671875,0.78125,0.71875,0.678125,0.0723489806424389,92
0.3396111011505127,0.020892400904977893,0.00042262077331542967,0.0001232615845319026,tanh,0.001,32,80,0.01,sgd,"{'activation': 'tanh', 'alpha': 0.001, 'batch_size': 32, 'hidden_layer_sizes': 80, 'learning_rate_init': 0.01, 'solver': 'sgd'}",0.671875,0.59375,0.671875,0.75,0.6875,0.675,0.049804304532841334,105
0.4360970020294189,0.03620469487291542,0.00037655830383300783,1.0523527087501633e-05,tanh,0.001,32,80,0.001,adam,"{'activation': 'tanh', 'alpha': 0.001, 'batch_size': 32, 'hidden_layer_sizes': 80, 'learning_rate_init': 0.001, 'solver': 'adam'}",0.671875,0.5625,0.6875,0.78125,0.703125,0.68125,0.07029513674501245,78
1.1904170513153076,0.03037973398412276,0.0003678321838378906,5.93925517285316e-06,tanh,0.001,32,80,0.001,sgd,"{'activation': 'tanh', 'alpha': 0.001, 'batch_size': 32, 'hidden_layer_sizes': 80, 'learning_rate_init': 0.001, 'solver': 'sgd'}",0.65625,0.625,0.6875,0.765625,0.703125,0.6875,0.04739297152532219,56
0.11284346580505371,0.010625333310909904,0.00039806365966796873,2.332440563628586e-05,tanh,0.001,32,"(80, 50)",0.01,adam,"{'activation': 'tanh', 'alpha': 0.001, 'batch_size': 32, 'hidden_layer_sizes': (80, 50), 'learning_rate_init': 0.01, 'solver': 'adam'}",0.65625,0.65625,0.6875,0.734375,0.671875,0.68125,0.028980057798424073,78
0.3558187961578369,0.0262901938391693,0.0003933429718017578,4.066836750072555e-06,tanh,0.001,32,"(80, 50)",0.01,sgd,"{'activation': 'tanh', 'alpha': 0.001, 'batch_size': 32, 'hidden_layer_sizes': (80, 50), 'learning_rate_init': 0.01, 'solver': 'sgd'}",0.65625,0.703125,0.6875,0.765625,0.71875,0.70625,0.03617449032121946,5
0.4201479911804199,0.012908360960107192,0.00041332244873046873,3.8237642775028455e-05,tanh,0.001,32,"(80, 50)",0.001,adam,"{'activation': 'tanh', 'alpha': 0.001, 'batch_size': 32, 'hidden_layer_sizes': (80, 50), 'learning_rate_init': 0.001, 'solver': 'adam'}",0.625,0.71875,0.671875,0.8125,0.65625,0.696875,0.06525191568069094,30
1.3735348224639892,0.038634991680704715,0.0005891799926757812,0.00037951760890650015,tanh,0.001,32,"(80, 50)",0.001,sgd,"{'activation': 'tanh', 'alpha': 0.001, 'batch_size': 32, 'hidden_layer_sizes': (80, 50), 'learning_rate_init': 0.001, 'solver': 'sgd'}",0.65625,0.703125,0.6875,0.78125,0.703125,0.70625,0.04122158111960287,5
0.13364782333374023,0.019156739370203606,0.0004230022430419922,5.05177407766305e-06,tanh,0.001,32,"(80, 50, 50)",0.01,adam,"{'activation': 'tanh', 'alpha': 0.001, 'batch_size': 32, 'hidden_layer_sizes': (80, 50, 50), 'learning_rate_init': 0.01, 'solver': 'adam'}",0.65625,0.625,0.71875,0.71875,0.6875,0.68125,0.03644344934278313,78
0.3626120567321777,0.00670673101750666,0.0004245758056640625,8.831662676078969e-06,tanh,0.001,32,"(80, 50, 50)",0.01,sgd,"{'activation': 'tanh', 'alpha': 0.001, 'batch_size': 32, 'hidden_layer_sizes': (80, 50, 50), 'learning_rate_init': 0.01, 'solver': 'sgd'}",0.640625,0.65625,0.703125,0.765625,0.703125,0.69375,0.043750000000000004,42
0.4544833660125732,0.0663338142354279,0.00042452812194824217,9.662984712681569e-06,tanh,0.001,32,"(80, 50, 50)",0.001,adam,"{'activation': 'tanh', 'alpha': 0.001, 'batch_size': 32, 'hidden_layer_sizes': (80, 50, 50), 'learning_rate_init': 0.001, 'solver': 'adam'}",0.625,0.65625,0.6875,0.78125,0.6875,0.6875,0.05229125165837972,56
1.475698471069336,0.06847179419437088,0.0007039546966552734,0.0005729852080316273,tanh,0.001,32,"(80, 50, 50)",0.001,sgd,"{'activation': 'tanh', 'alpha': 0.001, 'batch_size': 32, 'hidden_layer_sizes': (80, 50, 50), 'learning_rate_init': 0.001, 'solver': 'sgd'}",0.640625,0.671875,0.71875,0.765625,0.71875,0.703125,0.04307515235028194,15
0.07414169311523437,0.007316702251326566,0.0003876209259033203,6.455561559855422e-05,tanh,0.001,64,80,0.01,adam,"{'activation': 'tanh', 'alpha': 0.001, 'batch_size': 64, 'hidden_layer_sizes': 80, 'learning_rate_init': 0.01, 'solver': 'adam'}",0.65625,0.578125,0.671875,0.78125,0.71875,0.68125,0.06745947857788406,78
0.319121789932251,0.042395167473178404,0.00036411285400390626,3.021055996219093e-06,tanh,0.001,64,80,0.01,sgd,"{'activation': 'tanh', 'alpha': 0.001, 'batch_size': 64, 'hidden_layer_sizes': 80, 'learning_rate_init': 0.01, 'solver': 'sgd'}",0.65625,0.59375,0.671875,0.765625,0.6875,0.675,0.05537514108334172,105
0.34784684181213377,0.024008154320241542,0.0003619670867919922,6.29425048828125e-06,tanh,0.001,64,80,0.001,adam,"{'activation': 'tanh', 'alpha': 0.001, 'batch_size': 64, 'hidden_layer_sizes': 80, 'learning_rate_init': 0.001, 'solver': 'adam'}",0.65625,0.5625,0.6875,0.78125,0.703125,0.678125,0.07098635432250341,92
1.1080921173095704,0.03267102119561476,0.0003638744354248047,1.4260062163114863e-05,tanh,0.001,64,80,0.001,sgd,"{'activation': 'tanh', 'alpha': 0.001, 'batch_size': 64, 'hidden_layer_sizes': 80, 'learning_rate_init': 0.001, 'solver': 'sgd'}",0.65625,0.609375,0.6875,0.765625,0.703125,0.684375,0.0517279542413964,68
0.08568782806396484,0.005453534573811268,0.0005186080932617187,0.00026870403857829635,tanh,0.001,64,"(80, 50)",0.01,adam,"{'activation': 'tanh', 'alpha': 0.001, 'batch_size': 64, 'hidden_layer_sizes': (80, 50), 'learning_rate_init': 0.01, 'solver': 'adam'}",0.65625,0.640625,0.671875,0.75,0.6875,0.68125,0.03775951866748304,78
0.3662043571472168,0.022094375115921033,0.0005649566650390625,0.00033754007419986364,tanh,0.001,64,"(80, 50)",0.01,sgd,"{'activation': 'tanh', 'alpha': 0.001, 'batch_size': 64, 'hidden_layer_sizes': (80, 50), 'learning_rate_init': 0.01, 'solver': 'sgd'}",0.65625,0.703125,0.6875,0.765625,0.703125,0.703125,0.035630482034348064,15
0.34189572334289553,0.025970190963720195,0.0003960132598876953,2.8729191458496223e-06,tanh,0.001,64,"(80, 50)",0.001,adam,"{'activation': 'tanh', 'alpha': 0.001, 'batch_size': 64, 'hidden_layer_sizes': (80, 50), 'learning_rate_init': 0.001, 'solver': 'adam'}",0.625,0.703125,0.671875,0.8125,0.65625,0.69375,0.06449927325171967,42
1.4395028114318849,0.020863338753581838,0.0005548954010009766,0.00030073328357073094,tanh,0.001,64,"(80, 50)",0.001,sgd,"{'activation': 'tanh', 'alpha': 0.001, 'batch_size': 64, 'hidden_layer_sizes': (80, 50), 'learning_rate_init': 0.001, 'solver': 'sgd'}",0.65625,0.6875,0.671875,0.78125,0.703125,0.7,0.04352621336620037,23
0.08632278442382812,0.006718945829416696,0.00042266845703125,5.766378958828344e-06,tanh,0.001,64,"(80, 50, 50)",0.01,adam,"{'activation': 'tanh', 'alpha': 0.001, 'batch_size': 64, 'hidden_layer_sizes': (80, 50, 50), 'learning_rate_init': 0.01, 'solver': 'adam'}",0.671875,0.671875,0.71875,0.78125,0.671875,0.703125,0.04307515235028194,15
0.38109622001647947,0.01181546615137525,0.0004229545593261719,5.480516629484026e-06,tanh,0.001,64,"(80, 50, 50)",0.01,sgd,"{'activation': 'tanh', 'alpha': 0.001, 'batch_size': 64, 'hidden_layer_sizes': (80, 50, 50), 'learning_rate_init': 0.01, 'solver': 'sgd'}",0.625,0.640625,0.703125,0.765625,0.71875,0.690625,0.0517279542413964,50
0.3372704029083252,0.011151818142563077,0.0006404399871826171,0.000442901420295875,tanh,0.001,64,"(80, 50, 50)",0.001,adam,"{'activation': 'tanh', 'alpha': 0.001, 'batch_size': 64, 'hidden_layer_sizes': (80, 50, 50), 'learning_rate_init': 0.001, 'solver': 'adam'}",0.640625,0.65625,0.6875,0.78125,0.671875,0.6875,0.04941058844013093,56
1.5936571598052978,0.07555490118526205,0.0004173755645751953,7.0510657260032066e-06,tanh,0.001,64,"(80, 50, 50)",0.001,sgd,"{'activation': 'tanh', 'alpha': 0.001, 'batch_size': 64, 'hidden_layer_sizes': (80, 50, 50), 'learning_rate_init': 0.001, 'solver': 'sgd'}",0.625,0.671875,0.6875,0.78125,0.71875,0.696875,0.05191639914323797,30
0.14542207717895508,0.05539089064756468,0.0004813671112060547,0.00023507467382059485,tanh,0.01,32,80,0.01,adam,"{'activation': 'tanh', 'alpha': 0.01, 'batch_size': 32, 'hidden_layer_sizes': 80, 'learning_rate_init': 0.01, 'solver': 'adam'}",0.59375,0.5625,0.671875,0.78125,0.6875,0.659375,0.07680128579652817,134
0.3409922122955322,0.02653744286877784,0.0003690242767333984,4.660824063601456e-06,tanh,0.01,32,80,0.01,sgd,"{'activation': 'tanh', 'alpha': 0.01, 'batch_size': 32, 'hidden_layer_sizes': 80, 'learning_rate_init': 0.01, 'solver': 'sgd'}",0.671875,0.59375,0.671875,0.75,0.6875,0.675,0.049804304532841334,105
0.40059690475463866,0.022748578953783884,0.0005379199981689453,0.0002313501853777454,tanh,0.01,32,80,0.001,adam,"{'activation': 'tanh', 'alpha': 0.01, 'batch_size': 32, 'hidden_layer_sizes': 80, 'learning_rate_init': 0.001, 'solver': 'adam'}",0.671875,0.5625,0.703125,0.765625,0.703125,0.68125,0.0667317390751957,78
1.1898674011230468,0.09320577057676187,0.0004995346069335937,0.00022958861936503265,tanh,0.01,32,80,0.001,sgd,"{'activation': 'tanh', 'alpha': 0.01, 'batch_size': 32, 'hidden_layer_sizes': 80, 'learning_rate_init': 0.001, 'solver': 'sgd'}",0.65625,0.625,0.671875,0.765625,0.703125,0.684375,0.047803307939932364,68
0.18965525627136232,0.038507598455955104,0.0004027366638183594,7.481026431820511e-06,tanh,0.01,32,"(80, 50)",0.01,adam,"{'activation': 'tanh', 'alpha': 0.01, 'batch_size': 32, 'hidden_layer_sizes': (80, 50), 'learning_rate_init': 0.01, 'solver': 'adam'}",0.609375,0.59375,0.671875,0.765625,0.65625,0.659375,0.06043462376816787,134
0.33719120025634763,0.027576348571900833,0.00040545463562011717,9.730983551270056e-06,tanh,0.01,32,"(80, 50)",0.01,sgd,"{'activation': 'tanh', 'alpha': 0.01, 'batch_size': 32, 'hidden_layer_sizes': (80, 50), 'learning_rate_init': 0.01, 'solver': 'sgd'}",0.65625,0.703125,0.6875,0.78125,0.71875,0.709375,0.041457809879442496,1
0.4187793731689453,0.047221889811014855,0.0003967761993408203,5.4896363215832405e-06,tanh,0.01,32,"(80, 50)",0.001,adam,"{'activation': 'tanh', 'alpha': 0.01, 'batch_size': 32, 'hidden_layer_sizes': (80, 50), 'learning_rate_init': 0.001, 'solver': 'adam'}",0.640625,0.71875,0.6875,0.8125,0.65625,0.703125,0.06091746465505602,15
1.378250741958618,0.08694570291176111,0.0005532264709472656,0.0002694371980580803,tanh,0.01,32,"(80, 50)",0.001,sgd,"{'activation': 'tanh', 'alpha': 0.01, 'batch_size': 32, 'hidden_layer_sizes': (80, 50), 'learning_rate_init': 0.001, 'solver': 'sgd'}",0.65625,0.703125,0.6875,0.78125,0.703125,0.70625,0.04122158111960287,5
0.27251720428466797,0.07467376886209726,0.00042743682861328124,1.243384320638117e-05,tanh,0.01,32,"(80, 50, 50)",0.01,adam,"{'activation': 'tanh', 'alpha': 0.01, 'batch_size': 32, 'hidden_layer_sizes': (80, 50, 50), 'learning_rate_init': 0.01, 'solver': 'adam'}",0.609375,0.578125,0.671875,0.71875,0.640625,0.64375,0.048814060474416596,142
0.3649484634399414,0.016201429257461337,0.000997018814086914,0.0008469424956636015,tanh,0.01,32,"(80, 50, 50)",0.01,sgd,"{'activation': 'tanh', 'alpha': 0.01, 'batch_size': 32, 'hidden_layer_sizes': (80, 50, 50), 'learning_rate_init': 0.01, 'solver': 'sgd'}",0.640625,0.671875,0.703125,0.765625,0.703125,0.696875,0.041457809879442496,30
0.41688551902771,0.021232332088604606,0.0006043910980224609,0.00036125842086396856,tanh,0.01,32,"(80, 50, 50)",0.001,adam,"{'activation': 'tanh', 'alpha': 0.01, 'batch_size': 32, 'hidden_layer_sizes': (80, 50, 50), 'learning_rate_init': 0.001, 'solver': 'adam'}",0.640625,0.65625,0.6875,0.78125,0.6875,0.690625,0.04881406047441659,50
1.4638741970062257,0.06985880586181312,0.0009364604949951172,0.0010402568932657242,tanh,0.01,32,"(80, 50, 50)",0.001,sgd,"{'activation': 'tanh', 'alpha': 0.01, 'batch_size': 32, 'hidden_layer_sizes': (80, 50, 50), 'learning_rate_init': 0.001, 'solver': 'sgd'}",0.640625,0.671875,0.71875,0.78125,0.71875,0.70625,0.047803307939932364,5
0.08105955123901368,0.0079901887404947,0.0003577232360839844,9.459660866407336e-06,tanh,0.01,64,80,0.01,adam,"{'activation': 'tanh', 'alpha': 0.01, 'batch_size': 64, 'hidden_layer_sizes': 80, 'learning_rate_init': 0.01, 'solver': 'adam'}",0.65625,0.5625,0.6875,0.765625,0.71875,0.678125,0.06817945071647322,92
0.31150379180908205,0.01748733556328849,0.00036702156066894533,6.352143925019013e-06,tanh,0.01,64,80,0.01,sgd,"{'activation': 'tanh', 'alpha': 0.01, 'batch_size': 64, 'hidden_layer_sizes': 80, 'learning_rate_init': 0.01, 'solver': 'sgd'}",0.65625,0.59375,0.671875,0.765625,0.6875,0.675,0.05537514108334172,105
0.3307202339172363,0.01519645230245392,0.00036420822143554685,1.1910052105764052e-05,tanh,0.01,64,80,0.001,adam,"{'activation': 'tanh', 'alpha': 0.01, 'batch_size': 64, 'hidden_layer_sizes': 80, 'learning_rate_init': 0.001, 'solver': 'adam'}",0.65625,0.5625,0.6875,0.78125,0.703125,0.678125,0.07098635432250341,92
1.0879807472229004,0.041661987011041256,0.0003639698028564453,2.7828667567090748e-06,tanh,0.01,64,80,0.001,sgd,"{'activation': 'tanh', 'alpha': 0.01, 'batch_size': 64, 'hidden_layer_sizes': 80, 'learning_rate_init': 0.001, 'solver': 'sgd'}",0.65625,0.609375,0.703125,0.765625,0.703125,0.6875,0.05229125165837972,56
0.10454130172729492,0.008929226769694378,0.0006963253021240234,0.0005679498799874208,tanh,0.01,64,"(80, 50)",0.01,adam,"{'activation': 'tanh', 'alpha': 0.01, 'batch_size': 64, 'hidden_layer_sizes': (80, 50), 'learning_rate_init': 0.01, 'solver': 'adam'}",0.671875,0.640625,0.671875,0.75,0.703125,0.6875,0.0369754986443726,56
0.3627124786376953,0.024375236843273144,0.0004064083099365234,2.8958034419745523e-05,tanh,0.01,64,"(80, 50)",0.01,sgd,"{'activation': 'tanh', 'alpha': 0.01, 'batch_size': 64, 'hidden_layer_sizes': (80, 50), 'learning_rate_init': 0.01, 'solver': 'sgd'}",0.65625,0.703125,0.6875,0.78125,0.703125,0.70625,0.04122158111960287,5
0.34185638427734377,0.021677284639024668,0.0003943920135498047,5.357579004359489e-06,tanh,0.01,64,"(80, 50)",0.001,adam,"{'activation': 'tanh', 'alpha': 0.01, 'batch_size': 64, 'hidden_layer_sizes': (80, 50), 'learning_rate_init': 0.001, 'solver': 'adam'}",0.625,0.703125,0.671875,0.8125,0.640625,0.690625,0.06658523672707037,50
1.4132279872894287,0.05166030480608019,0.0005535602569580079,0.0002988154524502435,tanh,0.01,64,"(80, 50)",0.001,sgd,"{'activation': 'tanh', 'alpha': 0.01, 'batch_size': 64, 'hidden_layer_sizes': (80, 50), 'learning_rate_init': 0.001, 'solver': 'sgd'}",0.65625,0.6875,0.671875,0.78125,0.703125,0.7,0.04352621336620037,23
0.12252302169799804,0.0046167017736956145,0.00042099952697753905,8.340425784401084e-06,tanh,0.01,64,"(80, 50, 50)",0.01,adam,"{'activation': 'tanh', 'alpha': 0.01, 'batch_size': 64, 'hidden_layer_sizes': (80, 50, 50), 'learning_rate_init': 0.01, 'solver': 'adam'}",0.640625,0.671875,0.71875,0.796875,0.671875,0.7,0.054486236794258416,23
0.37969655990600587,0.017928393541401442,0.0006213665008544921,0.00034187958639387693,tanh,0.01,64,"(80, 50, 50)",0.01,sgd,"{'activation': 'tanh', 'alpha': 0.01, 'batch_size': 64, 'hidden_layer_sizes': (80, 50, 50), 'learning_rate_init': 0.01, 'solver': 'sgd'}",0.625,0.671875,0.703125,0.765625,0.71875,0.696875,0.04697905118241534,30
0.32324972152709963,0.029375488837392907,0.00042524337768554685,1.986048230058629e-05,tanh,0.01,64,"(80, 50, 50)",0.001,adam,"{'activation': 'tanh', 'alpha': 0.01, 'batch_size': 64, 'hidden_layer_sizes': (80, 50, 50), 'learning_rate_init': 0.001, 'solver': 'adam'}",0.640625,0.65625,0.6875,0.78125,0.671875,0.6875,0.04941058844013093,56
1.2885077476501465,0.05079289281871036,0.0004154682159423828,9.495646620097449e-06,tanh,0.01,64,"(80, 50, 50)",0.001,sgd,"{'activation': 'tanh', 'alpha': 0.01, 'batch_size': 64, 'hidden_layer_sizes': (80, 50, 50), 'learning_rate_init': 0.001, 'solver': 'sgd'}",0.625,0.671875,0.6875,0.78125,0.71875,0.696875,0.05191639914323797,30
